{"cameraMode":{"drawMode":0,"name":"Shaded","section":"Shading Mode"},"sceneLighting":true,"audioPlay":false,"sceneViewState":{"showFog":false,"showMaterialUpdate":false,"showSkybox":true,"showFlares":false,"showImageEffects":false,"showParticleSystems":false},"in2DMode":false,"pivot":{"x":-4.510009765625,"y":-2.33950138092041,"z":14.6854248046875},"rotation":{"x":-0.07221393287181854,"y":0.9260430335998535,"z":-0.2898201048374176,"w":-0.23074400424957276},"size":299.5993347167969,"orthographic":false}