{"cameraMode":{"drawMode":0,"name":"Shaded","section":"Shading Mode"},"sceneLighting":true,"audioPlay":false,"sceneViewState":{"showFog":false,"showMaterialUpdate":false,"showSkybox":true,"showFlares":false,"showImageEffects":false,"showParticleSystems":false},"in2DMode":false,"pivot":{"x":-9.319846153259278,"y":-4.787003040313721,"z":139.2679901123047},"rotation":{"x":-0.08166000247001648,"y":0.9095233678817749,"z":-0.2142156958580017,"w":-0.34671440720558169},"size":9.386003494262696,"orthographic":false}